0.636911404421983,0.913358883325954,0.223688801631281,0.228858550238294,0.121947178591538,0.375864763638961,0.889650678115303,1.88646566867828,0.702981173992157,1.76862525939941,0.97777533531189,0.479131609201431,0.449924528598785,-1.17468595504761
-0.172564472486644,1.19472477694813,0.238597657983051,0.36784919690639,0.243972351162842,-0.4211664541066,0.792327759288207,-1.23522877693176,0.073914274573326,1.27880215644836,-0.548812210559845,-1.90543782711029,1.03065967559814,-1.85495471954346
-0.348973447115343,1.17363446329339,-0.044651328986998,0.632612410525263,0.270949759408944,0.55169256588449,-0.471193249817353,-2.21242594718933,0.196580037474632,0.445660382509232,-0.238308236002922,0.79594898223877,1.06861257553101,-0.549297690391541
0.338599205678434,0.828664415672876,-0.651609554108356,0.747044425735506,0.332513709271991,-0.550756575196238,-0.167411033094596,-0.941726624965668,-1.15098190307617,2.26723909378052,0.646672129631043,2.16433262825012,0.766096532344818,1.7537122964859
0.381673212808921,0.885215277119418,-0.381767228759397,0.68277541460987,-0.574022852046658,-0.022524688722399,0.451451145674148,-1.18400228023529,-0.008043975569308,0.460767924785614,1.42930769920349,0.768580615520477,0.303574293851852,1.28979384899139
-0.774020843018197,0.679233019295516,-0.482397925503371,-0.415182368829033,-0.508780062611764,-0.283532239869952,0.69883897820357,-2.24807977676392,1.19180631637573,-1.91322731971741,0.234353572130203,-0.034982848912478,0.083682261407375,2.02784562110901
-0.761811644305853,0.294981455992918,0.202087722082298,0.452952283287461,0.26207208096634,0.84901830846331,0.072940834494463,1.26870024204254,-1.53389990329742,-1.57877540588379,-0.83793181180954,-0.713739812374115,1.04835093021393,-0.661163628101349
-0.700435806150988,0.819221846839289,0.157110238745731,0.533723066771078,0.044651432163337,-0.120884210288562,-0.835782833818181,1.66434979438782,-1.15863466262817,1.49038469791412,0.304716646671295,-1.24069654941559,1.43124032020569,2.25601577758789
0.131465782796256,0.906574207805222,-0.519395480573886,0.631770894583743,0.452111905760019,-0.215588570711769,-0.591592705841914,-1.3143744468689,-0.891731977462769,-1.04966413974762,-1.34605967998505,1.26334130764008,-0.039275709539652,-0.92792671918869
-0.398273439416948,0.413367136168851,-0.654544853110886,0.667584834532649,-0.14246060475558,-0.715438654539584,-0.14893957293238,1.27727603912354,-1.48156023025513,-1.59957242012024,1.12508797645569,0.149799346923828,-0.578854084014893,1.32979655265808
-0.675036005622146,0.73119076584406,0.25103923850997,-0.247086916420851,-0.10601439739991,0.855696030491492,-0.442146250327505,-1.15182828903198,0.618721127510071,0.197253867983818,-0.698967337608337,2.16231989860535,-1.18650114536285,1.93397986888886
-0.642721104741678,0.56326003360993,0.075407815637437,0.268546785791751,0.751635439329062,-0.061140812349429,0.599323444602979,0.870910108089447,-0.674615621566772,0.955447793006897,1.44490587711334,-2.05302143096924,0.766474306583405,0.99465537071228
-0.870504543529283,0.53811219515483,-0.252312602646826,0.896130688155642,0.179337384648051,-0.326177745945576,0.241652581743204,-1.8067409992218,1.48299026489258,-1.81458365917206,0.037965621799231,2.34465003013611,-0.898180961608887,2.09032988548279
-0.745646334812978,0.597419933264637,-0.267647142123039,0.777709075579262,-0.287999879264276,-0.46792537794371,0.305402200354955,-1.52358639240265,1.35906076431274,-1.64770567417145,-0.430638462305069,-0.384777337312698,1.28676605224609,-0.771496176719666
0.161736788605422,1.06222787871894,-0.368662414616576,-0.370123277188546,-0.021208823769587,0.764041443972289,0.528014788969267,2.21840667724609,0.105984322726727,-2.12894463539124,0.622080087661743,-1.0746750831604,-1.31553387641907,-0.447015821933746
0.240890679767527,1.03831435913241,-0.343171040867735,-0.490794890325449,0.742511305887802,0.350902437787198,-0.290972190104524,-1.55874609947205,-0.148293256759644,-1.80815839767456,-0.611432790756226,-0.410930782556534,1.27658247947693,-1.36323225498199
-0.201532582176514,1.02175520100892,-0.122207016160399,0.891596105410748,-0.119893700674116,0.091946680312633,0.42688135744553,0.01774044521153,-0.892684996128082,-0.655002295970917,-1.54584896564484,2.21748828887939,1.09420657157898,-1.2143120765686
0.112024603053261,1.26280525293063,-0.21534478063865,0.934950092410331,-0.121298674349814,-0.193848617696462,0.271252040950962,-1.86652612686157,-0.232403695583343,-0.912892878055573,-0.570689380168915,-2.12120079994202,0.120552010834217,-0.842764675617218
0.22381281909273,1.10938426943059,0.120586640405228,-0.472141588132912,-0.225410404265326,0.023695562395159,0.851886724117151,2.33498620986938,0.424914240837097,-2.15903854370117,-1.15687024593353,0.436919122934341,-1.41438591480255,-2.52330446243286
-0.05471988267764,0.876820695598893,0.471997776369938,-0.42965223077325,0.546748673974259,-0.007745093078829,0.718613151585858,-1.52714216709137,0.732043385505676,2.09672737121582,-1.5400025844574,-1.72158360481262,-0.098712041974068,-1.49899458885193
-0.146593424051392,0.612697682651349,0.649490444129963,0.471708797902704,-0.150891397898446,0.854362232935551,-0.157441325435282,-1.06678926944733,0.8619504570961,-1.53483581542969,1.39567053318024,1.63468456268311,0.84794944524765,0.250422865152359
0.493372040464022,0.799955416616922,-0.268524717672336,-0.226457851172098,0.134822602745586,0.383833634413641,0.884992343765886,1.68102943897247,0.223840564489365,0.62731409072876,-1.56917488574982,0.503437042236328,-1.19090461730957,1.25378572940826
0.497450462391834,0.541396213711154,0.796895134646632,0.810838564831695,-0.02128455670615,0.576334480659517,0.099631098711318,0.647509157657623,1.40354382991791,-1.22563219070435,-0.04446292668581,2.32823014259338,-0.471204668283463,-1.13512992858887
0.539947549572346,0.701082655049513,0.075503890246938,-0.492702296847456,0.833639804136288,-0.229289791878748,0.098566297389387,-2.33286571502686,-0.072443321347237,0.775075495243073,1.52542626857758,2.40691232681274,0.684577345848084,-0.685503482818604
-0.396061854013517,0.96893495104751,0.384636413803617,0.417459786659642,-0.173461209342896,-0.036827863257251,0.891225136462887,-1.20013034343719,1.01531338691711,-1.16109001636505,0.783139884471893,-1.39830911159515,1.26807808876038,-0.63716059923172
-0.614581880552827,0.90599410376589,0.499056127565472,-0.370897389466195,0.040653012517565,-0.319425030769302,0.871062631949299,-0.908458471298218,1.04080283641815,-1.12210929393768,0.077483110129833,-1.62269484996796,0.386096507310867,1.34500873088837
0.04607403299296,0.947153814874523,-0.551287812625047,0.105773462428278,0.004409985574704,-0.258059509599587,0.960311312116225,0.350414633750916,-1.03172135353088,-2.03262209892273,0.998356401920319,0.913001537322998,1.32961320877075,-2.32348132133484
0.549991212243178,0.870614833020334,-0.535112360835291,0.635701306216602,-0.445952334005778,-0.508833127312725,0.371617025469039,-0.900344610214233,-0.98240339756012,0.372431188821793,-0.145762056112289,0.63100653886795,-0.943620383739471,0.539177656173706
-0.048283939831369,1.2362449424691,0.29787725684504,0.846125673932814,0.311159118864901,0.237247882180404,-0.361890576086023,0.131306916475296,0.307573229074478,0.629711925983429,-0.092944040894508,-2.43593955039978,0.883309900760651,1.02441227436066
0.419023455393329,0.859348436777655,-0.341275036383636,0.162391009781394,-0.540186061176027,0.172631835129085,0.807481534620621,-0.337848335504532,-0.039250899106264,-0.705408692359924,1.47724485397339,-0.97467577457428,0.599819898605347,-1.9131795167923
0.283469627014647,1.10094351821382,-0.035115090306096,0.590192848843529,-0.746083691285846,0.286033108986598,0.114963417375735,0.292415797710419,-0.148666888475418,-2.14911818504333,0.467957317829132,0.147470816969872,-1.45261335372925,2.19984698295593
0.036814053504143,0.880353828397754,0.439921063054493,-0.298185579652034,0.655613005366004,-0.001079241369185,0.693726014014614,-1.36029016971588,0.743379473686218,-0.811925530433655,1.55870616436005,1.64342546463013,0.522528290748596,-1.95877933502197
0.725281592689829,0.80578169721448,0.052137521702016,0.346443211480051,-0.545977117302355,0.177753416658574,0.741815213828756,-1.46110332012177,-1.23600196838379,0.914525210857391,-0.786412835121155,0.47497296333313,-1.31889641284943,2.1042594909668
-0.442862964189149,1.07725757273753,-0.433045477191641,0.8515821062149,0.33786172126744,-0.008754644064904,-0.40072525486185,0.680771827697754,-0.937028050422668,-0.183417826890945,-0.450688093900681,1.07007968425751,-0.237898334860802,-2.5278480052948
-0.757227783445803,0.96450445980435,-0.043142701858597,0.724800017466872,0.345456180287254,-0.260619233688185,0.536099409823537,-1.72294104099274,0.889577984809876,-1.67553949356079,0.139355719089508,-0.369058519601822,0.030817808583379,-1.29576599597931
0.701219651074966,0.583341970690438,0.387291900618304,0.662049977641164,-0.020772824057373,0.207443032787867,0.719878951653532,-1.82827854156494,-1.10021686553955,-0.602835297584534,0.864984333515167,0.519585192203522,1.41983067989349,-2.33843278884888
-0.73265291185144,0.909476270669214,-0.184163265048354,0.701544912715108,0.029874945350108,-0.35606908850093,0.616568753098953,-1.96214723587036,1.10566163063049,2.15609192848206,-0.454432129859924,2.26549911499023,0.637875318527222,-0.987691938877106
0.187933577830459,0.506086100167199,-0.843502572758487,-0.055981031491685,-0.526293014380211,0.653859660888984,0.540693379828032,0.17501300573349,-1.4101699590683,1.1767909526825,-0.631067752838135,1.37765073776245,0.850337982177734,1.42891871929169
-0.650711947417774,0.694664950992731,0.4745821452281,0.594819223154125,0.629506978887004,0.490566335635647,0.09620668188798,1.77752816677094,-0.8520268201828,1.11220037937164,0.757686734199524,-0.911316990852356,-0.534466207027435,-1.93114912509918
-0.192068746264104,0.872975685921411,-0.431830607765067,0.840814792204557,-0.148206604604031,-0.36999878863564,-0.366287024026119,1.40057301521301,-1.19151973724365,-2.27863430976868,1.48207640647888,2.38569593429565,0.318593591451645,-1.54156732559204
0.832294648381876,0.831714884245273,0.170540904312942,-0.230881609492375,0.20543530054791,0.463286621727337,0.830575418499411,-1.77722430229187,-1.07024419307709,0.722939312458038,-0.016314847394824,-2.35883736610413,0.063507936894894,0.783059656620026
-0.51222496323253,0.857679063504942,0.205074942615334,0.651175640324347,0.573140946943665,0.030758010177279,0.496521585829489,-1.19358098506928,0.047104109078646,-0.110984414815903,-1.45819914340973,2.19533777236938,0.512102663516998,0.070922926068306
-0.533592700938702,1.03805569028235,0.215209605167806,-0.474686519347246,-0.277324954690901,-0.09080039189394,0.830372727567322,-0.646244049072266,0.909859716892242,1.02605783939362,0.667910575866699,-0.690209686756134,-0.487149804830551,-1.37605381011963
-0.244207952301942,0.830921774010588,0.476447053393594,0.626324101854176,0.120427763109515,0.71478178360511,-0.286883731039764,-2.21100473403931,0.093533247709274,1.89500069618225,-1.44827473163605,2.11830258369446,-0.335476040840149,-2.48427224159241
0.195623878095059,1.19276072003075,0.081137724098354,0.648979327215869,0.034513898580478,0.626798020997072,0.429835857654256,-1.88847732543945,-0.227765366435051,2.36348223686218,0.297593683004379,0.006863658782095,1.48738944530487,0.803833544254303
0.19399917071796,0.964531336831757,0.289465615431401,-0.087088373411935,-0.18834333380389,0.685710131580867,0.697670423104957,-0.862358689308167,0.604137241840363,2.14134573936462,-1.09194445610046,0.544340431690216,1.21212339401245,0.631623029708862
0.723788575487757,0.338714710085193,0.366271843021665,-0.175483827830372,-0.186470159922931,0.925397969346943,0.279415289411427,0.802120745182037,1.25753223896027,0.787411034107208,-0.538206875324249,-0.098978132009506,1.25263249874115,0.644879877567291
0.386969290019709,1.06212124473252,0.341342928236557,0.734998365014975,0.111259215602606,0.658415506841479,0.117846555823599,0.897514402866364,0.459190756082535,-2.24435639381409,0.303252726793289,-1.99260652065277,-1.3047833442688,-2.13302636146545
0.341327290047859,1.03682207047903,-0.343559120901693,0.085886298645526,-0.185460705806964,0.110732275311721,0.972607954682072,-1.5161806344986,-0.936827659606934,2.2996654510498,1.16891312599182,-0.43856680393219,0.515383660793304,2.33067297935486
-0.218002091930658,0.915521533648101,0.194271024432429,-0.40149322841597,-0.251432577103765,0.353311087740603,0.806694565487231,2.11276030540466,-1.38333332538605,-0.293501138687134,-1.45050740242004,-2.36680746078491,-1.0226321220398,-2.05796504020691
-0.684700222045974,0.834870556622838,-0.308597390327423,-0.409248865285432,0.013652520870523,-0.087536367388445,0.908111424507423,-2.01192402839661,0.971780359745026,-0.065050348639488,-0.376711964607239,-0.105748988687992,-1.26167547702789,-0.215934306383133
0.289704750476023,1.09091516143354,-0.289396937891571,0.628670608557409,0.048710566786553,0.019177025221453,-0.775907718947972,0.095926031470299,-0.248476654291153,1.86832165718079,-1.03642082214355,0.166418701410294,-1.17997479438782,2.45396709442139
-0.011135227010258,1.24659651681178,0.006005885637619,0.902571677165782,0.133859032776,0.408021732969878,-0.031054667067586,-2.00510501861572,0.203737244009972,0.643991649150848,0.46343344449997,0.927428305149078,1.15708589553833,0.492472231388092
-0.264153312969764,0.907470239842529,0.584918465791843,0.227709322236425,0.439372850124007,0.262980743660596,0.828215606955251,0.065881595015526,0.67616868019104,-1.44337332248688,-0.979189395904541,-0.444043755531311,-1.15996432304382,-2.15457630157471
-0.600168721083803,0.716981898235472,0.234166601743867,0.424446562765201,0.732661887061321,-0.169900888598559,0.504167990513053,-0.708645582199097,1.3731644153595,0.75609278678894,1.40222728252411,-0.385849386453629,1.49883663654327,1.95318472385407
0.36388612516406,0.946990070116241,0.262468205760144,-0.017948783407879,0.657212863167675,0.347140067897349,0.668762190110467,-1.23726654052734,-0.846203744411469,0.63184928894043,-1.17945241928101,1.45900893211365,1.14597284793854,2.34366154670715
-0.642025802590455,0.658869291905894,-0.510328200517284,0.406873466657085,0.493474311262002,0.552412212836622,-0.534581923903049,0.860302746295929,-0.803196609020233,-0.218701630830765,0.723901569843292,1.53480517864227,-0.79029643535614,1.55526554584503
-0.476222728141901,0.660543263041618,0.615106967208472,-0.04322478891931,0.754500923636895,0.130060198018312,0.641828885876439,1.97466599941254,-1.28361022472382,2.0766761302948,0.720331728458405,2.21355772018433,0.959938406944275,2.3403799533844
0.42948271142836,0.234393194428786,-0.682061422270137,0.642759229389321,0.15048841488784,-0.747201566065165,-0.076835081109839,-0.908741652965546,-1.22482562065125,0.430074125528336,1.10046803951263,-1.38909411430359,0.667581021785736,0.345533102750778
0.035958811982747,0.970222854250159,-0.162392229657976,0.663630299213701,-0.138116969572001,-0.611087859630394,-0.408766628400759,-2.42525148391724,0.903214931488037,-0.035555075854063,1.55613350868225,-1.37560665607452,1.48206162452698,2.16241264343262
0.13966574528122,0.49743104396609,0.788707148924698,-0.020664820163767,0.704443122757874,0.194689272192212,0.682223525906283,-0.47078675031662,1.23214721679688,1.4730931520462,-1.24052083492279,0.546141028404236,-0.46508976817131,1.1477313041687
0.620467749577061,0.835660768010111,-0.338626321028026,-0.207228774747179,-0.193220407516312,0.775310453462218,0.564460636172464,-0.643993556499481,-0.613588333129883,2.00864291191101,-0.744429051876068,-1.96885454654694,-0.837775766849518,-1.97907400131226
0.182636353228026,0.712888357898798,-0.71581830790195,0.244074535562574,0.872035760088231,-0.289743947042581,-0.309886591141729,-0.629477560520172,-1.00143384933472,-1.309565782547,-0.49194923043251,1.92519807815552,-1.41939949989319,-2.46686673164368
-0.148216279051337,1.18644620529776,0.28912175736045,-0.377560350598175,0.441928734882788,-0.270633381731087,0.767401295043133,1.20376873016357,-0.246277362108231,2.10855078697205,0.597861289978027,-0.256641715764999,-0.582962989807129,0.904814541339874
-0.591914859436688,1.03679948769014,0.01996030535417,0.160918271379811,-0.092404506913417,-0.667214546309369,0.721381637021212,1.51444220542908,-0.445340931415558,-2.44122791290283,-0.390372753143311,1.84915995597839,-0.899656116962433,2.07026243209839
-0.179507235267371,0.910505846048781,-0.680798968688491,0.847372696583647,0.216914467471526,0.135601685751838,-0.465316891706461,0.002595300553367,-0.931283533573151,0.950899302959442,0.320824295282364,1.76274061203003,-1.08374714851379,2.10952281951904
-0.099581682239317,1.25671637890683,0.004343522053436,-0.306317903624794,0.273712289094264,-0.342186187745497,0.845079604317779,1.45656180381775,0.042004987597466,-0.84948855638504,0.314662575721741,2.13893485069275,-1.07146692276001,0.958908021450043
0.288789453562025,1.1500885929307,-0.420045528193466,-0.27712866517016,-0.448746497089631,0.280634094178459,0.801916946744129,2.39289474487305,0.471732079982758,0.389285802841187,-0.041007269173861,0.364815235137939,0.691260278224945,0.522503137588501
-0.111291498283606,1.20513156315291,-0.156493040059587,0.77990639018144,-0.067312437668952,0.477101382936538,-0.399486331041828,0.395847111940384,-0.441004276275635,0.552285730838776,-0.20714958012104,-1.21672105789185,1.27649974822998,-0.710156500339508
0.748896516178909,0.487473392973478,-0.084063722748344,0.844241298817629,-0.496116898993354,0.164382131257394,-0.118756754869856,-0.698665976524353,-1.42892980575562,-1.5327752828598,1.32558858394623,-1.69981026649475,-0.473166793584824,-1.41057848930359
0.361292774981517,1.0839765222981,0.267824736530015,0.898120607138184,-0.059154121766314,0.159026091918045,-0.405697999749899,0.681072056293488,0.155821174383163,0.450344324111939,-1.00181376934052,0.291104048490524,-1.0343359708786,-2.11548852920532
0.334347254405228,1.01318429350774,-0.047997643881906,0.389619695084182,-0.104702961846437,-0.306144242828816,0.862269960955305,-0.805354475975037,-0.897411227226257,0.874174118041992,-1.23818969726563,1.08773195743561,-1.474280834198,1.63746774196625
0.641002131925426,0.358845231215015,0.59618516381757,0.094208467541888,0.133442659617282,0.774485120282756,0.611138789227358,0.345772355794907,1.36220765113831,1.20781576633453,-0.867246150970459,-0.441142141819,0.14402163028717,0.836861610412598
-0.409087386360666,0.936882707823581,0.378851171758633,0.4339812463198,-0.030336054103767,0.07254277778541,0.89748400935911,-0.221609935164452,0.880178689956665,1.47170460224152,1.02065896987915,0.954361140727997,1.3151490688324,0.512748003005981
-0.320004769238541,0.975840441156021,-0.14539082584455,0.580644238157311,-0.108162404776262,-0.612663628801537,0.525163251600361,1.07162272930145,0.295391082763672,0.251605480909348,1.39015352725983,-1.33656907081604,-0.774456262588501,2.04469299316406
0.604387491805053,0.99642292925467,-0.02027035442361,0.773464643872538,-0.484574850089228,-0.258725641363043,0.316228875723599,1.34539759159088,1.04740989208221,-0.126202672719955,0.643973469734192,-1.74820530414581,-0.941993534564972,1.06344962120056
0.753197635865217,0.649333852311558,0.294092297139401,0.337372513443376,-0.345396117147017,0.423343063749094,0.766591129487026,-1.87265729904175,-0.849061012268066,-0.434947669506073,0.901000499725342,-0.670849204063416,1.03916776180267,-1.52743232250214
0.46425114407617,0.7496384283268,-0.413607279014546,-0.276122286941419,0.797312413718034,0.136920593498341,-0.518943300044836,-1.25144112110138,-0.259436726570129,0.351937562227249,1.24962031841278,0.879777908325195,-0.707617163658142,1.43954288959503
-0.405221030006359,1.01252663388676,0.517578126173335,0.624289242001611,0.061888506218627,-0.116484959752057,0.769976629041845,-0.698528289794922,0.833487272262573,-2.32901501655579,0.198639735579491,-0.387742578983307,0.914884865283966,-1.02422988414764
0.064890012174057,0.971389192232388,0.370336169456273,0.56655890906982,0.462699195904591,0.410131263805732,0.544713505534767,-1.29073870182037,-0.605242908000946,0.638175666332245,-1.41972804069519,-1.83921492099762,-0.524857938289642,-2.2324116230011
-0.666462901799575,0.96387155233006,0.089844650948206,0.810718421978087,0.503297958527946,0.067800951918514,0.291255619904414,1.15522050857544,-0.902801215648651,-1.14371263980865,-0.747685790061951,-1.68646144866943,0.249685302376747,2.0882420539856
0.150364949342243,0.594499650224636,0.625920213512265,0.713111277872918,0.275824196593662,0.026932773539285,0.643947159053751,-2.29116225242615,-0.843475461006165,-0.818664193153381,1.45974588394165,-2.16186237335205,-1.55656599998474,1.62833106517792
0.350610519865953,1.19871171448214,0.325881066975633,0.920109703468102,-0.004800719611637,0.271966454226276,0.281796618948202,-2.26239800453186,-0.503514111042023,-2.42722034454346,-0.057914540171623,0.652493298053741,-0.328758627176285,-1.57261848449707
-0.393833661119184,0.79715645470876,-0.692072717848862,0.90686943844939,-0.093374635761429,-0.367602185440689,-0.183678066905491,-2.34343361854553,1.15574133396149,1.51945960521698,0.303888410329819,2.34424734115601,0.827578485012054,-1.36024475097656
-0.536163836798907,0.95082975770887,-0.498691626058434,0.84370770391306,0.311804835279106,-0.220153959000251,-0.377448393016632,-2.41668009757996,0.693041265010834,0.48855996131897,-0.505365908145905,0.318310588598251,-0.518589437007904,0.857737183570862
-0.075070285166067,0.881015245203664,0.527023356719585,0.654717786031845,0.127653266408096,0.656279372833639,0.352628202249889,-2.36193251609802,-0.055402912199497,1.99379503726959,-1.33222210407257,1.51664006710053,0.658399403095245,-0.669269323348999
0.148391695834763,1.2732560226575,0.108166407160642,0.577388046981363,-0.111906532252114,0.090489609025018,0.803686258375029,0.002778482856229,0.411468416452408,-0.494688808917999,0.594145476818085,0.631799578666687,0.046489782631397,1.70506203174591
-0.752287020133316,0.800195446038831,0.332522791160324,-0.136871103623447,-0.250934862741574,-0.468995899842689,0.835667901492282,-1.0856260061264,1.06295418739319,-2.12158751487732,0.126125141978264,0.3807512819767,0.836376190185547,0.451923340559006
0.848139546001332,0.197491989193884,-0.015310398252788,-0.193726888162622,-0.554086164793174,0.623408938267002,0.5165459422708,1.49908792972565,1.47856783866882,-0.288708865642548,-0.474588662385941,-1.56651222705841,-1.19009387493134,2.52681946754456
0.503226625797267,0.841931252106391,-0.054799784626148,-0.225264563748471,0.029735261192193,0.68326102555032,0.693920789085446,-0.115268036723137,-0.521479070186615,1.08305966854095,-1.52854955196381,1.8706179857254,0.810707211494446,0.674304127693176
-0.431703061311451,0.701639891689123,-0.483473971598871,0.55042811094886,0.214960839099995,-0.667499446726759,0.45306204977924,-0.111347265541554,-0.417775243520737,1.05572152137756,1.47535693645477,-0.753979027271271,0.138935908675194,0.765320062637329
0.718214830828173,0.402007000682715,0.060018150526458,0.587866963880869,-0.511597676041811,-0.609930024586329,-0.143755402521882,0.8628950715065,0.895659923553467,-2.35839295387268,1.41510498523712,-1.88455617427826,0.45818954706192,1.51454544067383
-0.676170778734924,0.37538445045393,-0.652076206819349,-0.025341811897448,0.600325401276232,0.643156772650608,-0.474675226808752,-2.2694091796875,1.44283628463745,-1.46202456951141,-0.128668129444122,-1.66491031646729,-0.693396031856537,2.2326078414917
0.461615380719027,0.982459354810667,-0.41776797769925,0.938676932334039,0.229683264582428,-0.085598253116928,-0.242495677771889,2.02555632591248,1.01858770847321,2.22515869140625,-0.351834177970886,0.54879754781723,0.994260191917419,0.604972064495087
-0.627837015531445,1.02264113291143,-0.068486314938888,0.076095611483002,0.00034356069174,-0.341496012044326,0.936797637506041,-1.19204568862915,0.573889791965485,-1.19834077358246,-0.744904935359955,0.09378944337368,-0.452984541654587,-0.905039072036743
-0.906560656345078,0.450451003812456,0.11262002380878,0.10832586573097,0.241986443831847,0.771223744498933,-0.578724462707683,2.00777459144592,-1.28900837898254,1.92464125156403,-0.578844010829926,-2.06056761741638,-0.362781286239624,2.10588097572327
0.383038238638205,0.957235860879417,-0.130601065644323,-0.156579177251606,0.199491701534845,0.819413807837509,0.514049641372481,0.488070398569107,-0.299338608980179,-2.20404648780823,1.01788091659546,0.331022024154663,-1.14423930644989,-1.04700672626495
0.59182375203404,0.611567905339327,-0.149481093052288,0.165924786780849,-0.496049284666164,0.720145578206375,0.455844730696454,0.839916229248047,0.614544808864594,1.49868381023407,-1.55400085449219,1.83896172046661,-0.719889938831329,-1.6755096912384
-0.657646105293129,0.374274560260741,0.572999661522511,0.010051357351637,0.091277807352834,-0.304351175406072,0.948123248385562,-0.770921051502228,1.47840929031372,-0.149398699402809,-0.470839709043503,0.429544895887375,-1.3538635969162,-2.29718852043152
-0.748511667298653,0.880030247916194,-0.027300932517323,-0.121964652695929,0.12136604307742,-0.492745760301271,0.852992686243917,1.09181833267212,-1.09600150585175,-1.04664921760559,-0.687567114830017,1.82958054542542,-0.191698864102364,1.18249273300171
0.687747679867611,0.282815111480477,0.010609617664817,0.521141692716388,-0.688266498064893,-0.504310420938747,-0.019275971746461,2.09928154945374,1.21911549568176,1.99226307868958,1.56296825408936,-0.799715280532837,1.31677293777466,2.15742754936218
0.686816636638714,0.840939721961332,0.187739358180226,0.576876071617844,-0.031394340861979,0.681978199304276,0.448479797795066,1.92726469039917,0.952082872390747,-1.84983670711517,-0.790094316005707,0.805806457996368,0.580945193767548,0.982917129993439
-0.569476043921849,0.367643315814899,0.663326046958155,0.259592952243274,0.557283103049882,0.782093323955749,0.101867928341376,-0.643958508968353,1.35042548179626,2.00872015953064,0.247655957937241,-1.70695173740387,1.22527956962585,0.327810764312744
0.213923476525526,0.551563383316013,0.729889813852367,-0.430310203011133,0.866271033627604,-0.081305817640648,0.240410044507432,0.641947031021118,0.918042898178101,-1.13383269309998,-1.01264464855194,-1.34713327884674,-1.27726447582245,-0.188324749469757
-0.776428573775432,0.539980723608266,-0.178622984073823,0.073926877446345,-0.15759890992335,0.818261944749677,-0.547854716285697,0.741220414638519,-1.06590104103088,1.32689905166626,0.987933933734894,-0.642112553119659,-0.528240203857422,1.10301661491394
0.318007375783224,1.0596931167993,-0.504521186874696,0.144030907121101,-0.660768588296194,0.102381822376082,0.729491557841406,-0.716541767120361,-0.53775280714035,-2.32374858856201,-0.127791970968246,-0.406732499599457,0.850658118724823,-0.205385774374008
-0.666035523732795,0.918171311526587,-0.205844894692418,0.34957608084149,-0.226532234091884,-0.623483720539397,0.661625090850698,-1.99308490753174,0.59045273065567,0.740805208683014,-0.570022821426392,-1.7342973947525,0.876800000667572,-0.690746486186981
-0.668505759340301,0.815237766513034,-0.377650746379333,0.711051232104791,0.490491592541418,-0.384029629896919,-0.326106403386499,1.29375803470612,-0.676185190677643,-0.293555468320847,0.675547897815704,-1.44143772125244,-0.612814903259277,0.143297776579857
-0.264977965969188,0.952359545468656,0.176864508766961,0.759662609384277,-0.18721067799516,-0.259744114200181,0.566036992683718,-0.709902465343475,1.39356100559235,0.061480898410082,1.48805022239685,0.744490921497345,-0.540858685970306,1.23264384269714
-0.586531229111167,0.91733236177502,-0.524142305198111,0.346001860434152,-0.085956682916821,-0.511788582569864,0.781643529998919,-2.26591181755066,0.835746467113495,-0.504677653312683,-0.218594551086426,-1.36645209789276,-0.21320316195488,0.091533102095127
0.32907315418907,0.783669668905489,0.490316921188424,0.556166042879733,0.32246748016536,0.725455594467371,0.245780872810102,-0.16031776368618,0.565495848655701,-1.55429565906525,1.25373363494873,1.3286988735199,1.34862816333771,2.04824376106262
0.740476739546802,0.508906020458506,0.603523951722767,-0.069374722062251,0.434892222708766,0.544194743491542,0.714078415667628,-2.19421792030334,-1.37954449653625,1.7333300113678,-0.164611726999283,-0.743789792060852,-0.248036950826645,-1.79799818992615
-0.426931917258644,1.10738479015684,0.230589866919196,-0.001332982558704,0.143400541238524,-0.429299634128785,0.891704172955856,-0.088951952755451,0.324605315923691,-1.58029294013977,-0.8197340965271,-1.72347366809845,-0.127518728375435,0.346147239208221
-0.498904878818019,0.857038021196022,-0.631700433986429,0.729950718441936,0.16171190095633,-0.65583481429468,0.104412193225955,-2.353670835495,0.948889374732971,1.33693337440491,0.093638755381107,1.21934521198273,-0.61371111869812,0.310350298881531
-0.796092851320248,0.883723674324673,0.035391902294859,0.513025867118131,0.28341652721721,-0.37716799647462,0.717094020476497,-1.28012347221375,0.93154788017273,1.78906118869782,0.424548387527466,0.074686452746391,0.201474115252495,1.43182384967804
-0.193070468710785,0.974077319785481,-0.485406647489432,0.883682069865396,0.425165159078826,-0.188977566405332,0.051264669114358,0.018785402178764,-0.155118405818939,0.187805131077766,1.13202512264252,-1.05889332294464,0.955407440662384,0.409219563007355
-0.600299330106969,0.996042577258841,-0.127989534859512,0.474411185584567,-0.036959054392156,0.13949017258485,0.868395386355162,-1.77483308315277,0.924811065196991,-0.920451819896698,-0.01666047796607,-2.23721265792847,1.22453057765961,0.794268071651459
0.739500631189621,0.779818126306504,-0.075003872010091,0.556413188438782,-0.011437897438489,-0.100333540806674,0.824746457296284,1.63159453868866,1.37227201461792,-0.075814314186573,0.291924685239792,-0.068284846842289,-1.2279999256134,0.360205084085464
0.372532017517189,1.13879928495473,0.006715317162449,0.679546247344315,-0.62199422963931,-0.359705788505673,-0.148161471817651,1.56638741493225,0.254667222499847,-1.15005266666412,-0.142917513847351,-1.63915526866913,-1.34926390647888,0.60636693239212
0.626081759733775,0.96401080090732,-0.176462130745053,0.796989484850512,-0.065738772363574,0.293224542059905,0.523932765514436,2.30857682228088,1.05379199981689,0.995922386646271,0.651656329631805,-0.577432215213776,-0.520536839962006,-1.10011792182922
-0.385436802315983,1.21277123344765,0.110988039053359,-0.199959255671856,0.141912304440522,-0.352900763432689,0.902960821458032,-1.62989711761475,0.198353096842766,0.44916182756424,-0.40257066488266,0.835498154163361,0.290389686822891,-2.45420527458191
-0.217223039096263,1.23721617757484,0.257666933824183,0.741760216709742,0.042804065194866,-0.095753348385191,0.662412929510388,-0.871574580669403,0.601327836513519,-0.521132051944733,0.446233302354813,-1.37333929538727,0.421416312456131,-2.09539723396301
-0.655925190053986,0.859946939184442,0.425207580490031,-0.187895232634169,0.159355997067299,-0.11533485782234,0.962288375864085,-1.06878113746643,1.20323061943054,-0.298799067735672,0.190806835889816,0.002903472865,-0.709571361541748,-1.53831994533539
0.006092298477722,1.14256393910604,0.075266013745795,0.905638943696485,-0.091837835392896,0.349866474763222,-0.221308304153773,-2.37750768661499,-0.569985628128052,-0.058434393256903,-1.2255380153656,-0.492108941078186,-1.30936467647553,2.24883222579956
0.202197059056828,0.227751531650246,-0.713764065051687,0.212434585516412,0.810862875710789,-0.159192128705576,-0.521565729154712,2.38333082199097,1.11489868164063,0.617834210395813,-1.41361808776855,2.12524199485779,0.347592860460281,-2.35176730155945
0.683866137935586,0.819658905992823,0.200336436569389,-0.473985421019589,0.585991132425147,0.04075872159205,0.655965654584262,1.63988626003265,1.39168226718903,0.406433701515198,0.964644134044647,1.90109443664551,-0.723686873912811,0.792403399944305
0.718408265882564,0.612640985928754,-0.456863919548639,0.701385075469172,-0.144684576440578,-0.694522281660211,-0.069022818884844,1.69799482822418,1.20437502861023,1.49709165096283,-0.595990419387817,-0.161659434437752,0.581349670886993,2.17840170860291
0.381099885611891,1.18663598744888,-0.086335837283864,0.722671467991921,-0.259233474941003,-0.139636988965194,-0.625336282437817,-0.274553000926971,-0.198571667075157,-1.41759288311005,0.711088836193085,-2.102370262146,-0.254179239273071,2.50888609886169
0.343582010959522,0.981486872632579,0.38308606213035,0.006708926446723,0.080912315163729,0.102712373449892,0.991392130239628,0.789387047290802,1.37655222415924,0.091171883046627,1.22058844566345,0.797704637050629,0.153486207127571,1.5029639005661
-0.091867647190339,0.159565159978342,-0.613826472653765,-0.029951715707651,0.40991897681676,0.880780182554135,0.235150158816817,-0.114079274237156,-1.15668618679047,0.643234074115753,1.27980351448059,2.13264012336731,1.35938155651093,-1.48569226264954
-0.070291483715151,1.25863320300463,-0.094402068330469,0.822586018224927,0.163540765864257,-0.462142400316521,0.288151110272158,-0.860713601112366,-0.020580988377333,-2.37619471549988,0.044807214289904,-2.37511444091797,-1.05614018440247,0.00911473389715
0.469445475590626,0.967530439693512,0.133578299227314,0.646395368321752,-0.379733450538871,0.462758501145971,0.473106863162186,2.33162903785706,-0.126651719212532,-0.889535427093506,-1.27033340930939,-0.858386218547821,0.123358078300953,0.668511152267456
0.220182215893538,1.03960741414431,-0.367461603028727,0.663514220733396,-0.398201627408038,0.308586632644125,0.553135275468402,-1.41233479976654,-0.179858759045601,-1.66807293891907,-1.04493188858032,-2.20793724060059,1.27347612380981,0.940442025661469
-0.799535165688586,0.81975657333375,-0.071287503459986,0.572154189412222,0.603106372372623,-0.367419232503882,0.417019657483716,-1.44114947319031,1.01459586620331,-1.89757978916168,-0.456281125545502,2.32944345474243,0.784060895442963,2.17194318771362
-0.697848542782954,0.397897717290489,0.454206033407438,0.690618802266347,0.548622433167677,-0.446475293151702,0.150727928355948,-1.07027721405029,1.2751384973526,0.808172047138214,-0.711658596992493,0.764662802219391,-1.47497451305389,1.11145913600922
0.023527560179199,1.23745879414635,-0.148400865898892,0.855720511958687,-0.333106068596611,-0.344754084964009,0.194749514448437,-0.572307586669922,0.206033632159233,0.319890916347504,0.470549613237381,-0.403964549303055,-0.762171566486359,1.19003689289093
0.192124252801009,1.25233196208838,0.08358372109579,-0.467016543575534,0.342186378924006,0.359412887498785,0.731865019252474,0.624193727970123,0.11352726072073,2.0148458480835,-0.048224214464426,1.89949476718903,-0.941429316997528,-0.28108823299408
-0.403387845272815,1.12814304088634,-0.183090762974073,0.836914434003485,-0.284622712780322,-0.381694173421965,0.269951290980278,1.44289124011993,-0.627323091030121,0.138860031962395,-0.097943857312203,-2.18525624275208,-1.16134119033813,1.5269935131073
0.11911474121473,1.23796973439978,-0.061556752821084,0.669142470440705,-0.207882968799013,0.144132340660021,0.698755246070956,-0.262430757284164,0.331818133592606,-0.109087407588959,0.842773735523224,-2.06526517868042,-0.448707222938538,-2.14086031913757
-0.053939737324878,0.850778397615735,-0.604482524852875,0.744445238146539,0.110235119166531,-0.653652373503802,-0.079925468507413,-2.30587720870972,0.211778312921524,-0.925400793552399,-1.28495442867279,-1.68455147743225,-0.116159215569496,-1.5447895526886
-0.273548598374909,1.18872343537976,-0.054548494172537,-0.334253187160937,-0.399616330242983,-0.515236365616198,0.680524123762339,-1.94101166725159,0.065824709832668,0.305742770433426,-0.193280965089798,-0.145369157195091,1.16428112983704,-0.437267243862152
0.461324745911674,0.809296465789907,-0.707002795814508,0.352207386404887,-0.561785770604271,-0.080475201588148,0.744224728719592,-0.709498882293701,-0.936362028121948,0.492805868387222,0.289299845695496,1.154456615448,-0.246571019291878,1.07685887813568
-0.321941512166996,1.19391186037425,-0.097274052961326,-0.34550705626918,-0.348022258206239,0.152747153729227,0.858005646187049,0.984721541404724,-0.328294575214386,-1.66347658634186,-0.491117686033249,0.195964187383652,-1.13326239585876,-1.72793412208557
-0.527352112430607,1.05666950494206,-0.002039115192397,0.730525863257351,0.605101835506915,-0.0800967560201,0.306216004567562,2.16129970550537,-0.27230441570282,1.98679971694946,-0.746099352836609,-1.75452637672424,-0.681978821754456,-1.81680619716644
0.628053257884524,0.995956600787964,-0.117129117213013,0.624450525403548,-0.657848392763224,0.293551276633517,0.301868649330978,-1.06492877006531,-0.689320921897888,-1.89582216739655,0.356725573539734,1.56281304359436,-0.959017932415009,2.3663318157196
0.857540857823805,0.473360858893732,0.411945514860971,0.649313984710093,-0.452514521515561,0.588199085223802,0.166264227118541,1.27484011650085,1.43356049060822,-1.77172899246216,-0.230303525924683,1.27137053012848,0.313244342803955,0.053516868501902
-0.379478787617769,1.10629264030008,-0.01469814840505,-0.12357617729377,0.26081414485868,-0.667230225051596,0.686664937960786,-1.17543721199036,0.285774886608124,-1.70625436306,-0.480580538511276,1.94856560230255,1.47674024105072,-2.27068758010864
0.964610580999139,0.381875717204817,0.096499355790074,0.676442646038083,-0.698588645784445,-0.141899020602452,-0.185105155395834,1.3994003534317,1.51703858375549,1.2214081287384,-0.142985045909882,0.965710639953613,-0.036180999130011,2.06186008453369
-0.125927882515087,0.953182522538202,-0.249272289735829,0.934571799921988,-0.353418767239977,-0.039870487593845,0.009003886504144,1.92499876022339,-0.824121713638306,0.850838899612427,-1.56785261631012,-1.60747575759888,1.0047550201416,-0.255334943532944
0.228670148656106,0.405294540026063,0.78566292381853,0.093770257845315,-0.512313263803796,0.853644076864461,-0.00583510998589,0.171032756567001,1.26858866214752,1.04518735408783,-0.242275148630142,-0.976981401443481,1.55835485458374,-0.696242332458496
-0.864170416915797,0.572477771505419,0.308833952909195,0.799547716800972,0.51661452208157,0.172703042513711,-0.252995144695092,2.16114449501038,-1.29079627990723,-1.13794934749603,0.422983109951019,-1.58790934085846,-0.379500567913055,0.406428605318069
-0.086833531101529,1.26142004232052,-0.157127987435393,0.856520570456875,0.154499976151293,0.186937733066628,-0.455583750488743,-1.48611009120941,-0.117594733834267,-1.09735810756683,-0.548085987567902,2.0996253490448,0.695748031139374,-0.65185809135437
-0.224571768776128,0.965543710437858,-0.454342831791305,0.832578518046094,0.528573665838438,0.056647208639745,-0.155608434294582,-0.246502116322517,-0.198775932192802,0.5822873711586,1.07710993289948,-1.33364486694336,1.10879325866699,-0.135208860039711
-0.063281385891176,0.918850765575839,0.546927242595696,-0.061514080586567,0.176839105289233,-0.194568675996848,0.962853560543308,0.619490683078766,1.19062793254852,0.863060355186462,1.30468881130219,1.01496946811676,0.308291167020798,1.30862879753113
0.203240878063783,1.01955086362581,0.295364055102529,0.777472161600101,-0.176335884011322,-0.181418945838496,-0.575786297195114,-1.10046923160553,-0.370542675256729,1.00188100337982,-1.41339313983917,-0.185629144310951,-1.35502791404724,-1.11336266994476
-0.048208774052019,1.12561379046006,-0.389976122502398,0.499681727723347,-0.412518392846953,-0.50339371420367,0.571613081588072,2.20388555526733,0.031262047588825,-2.02111482620239,0.618494987487793,-0.017173374071717,-0.784897983074188,1.52073585987091
-0.347864080265155,1.25208413074213,-0.136952451124811,0.983451200718103,0.148200433221111,-0.103766156200301,-0.009641173507943,1.4613424539566,-0.432672441005707,-1.96504497528076,0.195305839180946,1.83104836940765,0.035984437912703,-1.30533921718597
-0.660730726766445,0.359901997440489,0.201063453924481,0.259760923149527,-0.484420066739764,0.737789262411178,-0.391827086882872,-2.12178111076355,1.49276566505432,1.69086110591888,-1.41702246665955,-1.16274857521057,0.773430526256561,-1.986976146698
0.697988459405288,0.553914765036702,-0.157679257951369,0.6013443076691,-0.338612372997193,-0.575101856995332,-0.439300055278508,-0.642451941967011,-1.36695218086243,-1.79795575141907,1.51899361610413,-0.207648172974586,1.03474676609039,1.67819547653198
0.061062905915831,1.22832782927929,0.42997277686964,0.951130785972439,-0.053390665176946,0.253128043172948,-0.168599699308295,0.186012372374535,0.418193429708481,-0.268376588821411,-0.074450545012951,-0.842691719532013,0.063423246145249,0.592402994632721
0.199547234362016,0.627424125323426,-0.661959353702476,0.653356265253686,-0.347009265705389,0.495733837600203,0.454926502224851,0.25161224603653,-0.996740877628326,-0.933246552944183,0.831357479095459,-1.10136520862579,-1.54066407680511,-1.56143522262573
0.616056533225128,1.02746937245706,0.330934345184125,0.123313443495479,0.208660515420551,0.263116612500772,0.933822377213052,-2.01276779174805,-0.832539916038513,-0.559663772583008,0.008370717056096,1.43823289871216,0.287754058837891,-2.17213129997253
0.121659843335466,1.23209574134165,-0.050425111213988,0.501000295666875,-0.160007630259349,-0.437135767329695,0.729594807356502,-1.43290305137634,-0.337000340223312,-2.40010118484497,0.292319387197495,1.34939694404602,1.19666361808777,-1.83561825752258
0.708255364800549,0.336366314342272,0.238781164794421,0.310977292577168,-0.312124342354714,0.630157539142739,0.639353575318524,-1.54258680343628,-1.02765846252441,-0.696378946304321,1.47776365280151,-0.360515087842941,1.06904888153076,-1.68400931358337
-0.244860966808423,1.24587651456609,-0.253632049463707,-0.229477203316089,-0.188580431698158,0.025075484593168,0.954541174602322,-2.00725269317627,0.529901027679443,0.583177804946899,0.360274881124496,-2.2754762172699,0.132288172841072,1.09904360771179
-0.762841927976915,0.497662030768475,-0.570849126142578,0.531144323244537,0.728062377035855,-0.030677513330595,-0.432284366136291,1.01456761360168,-1.30739498138428,-0.706560015678406,0.219337075948715,0.512083053588867,-0.158802464604378,-2.04325819015503
0.0301702688036,1.19949008539334,-0.233851675928276,0.593193673572835,0.384446482659661,-0.425618668576406,-0.564952136523995,-2.41525387763977,0.293216437101364,0.420879125595093,0.513094186782837,-1.04464721679688,1.22705805301666,1.35793542861938
0.014951676186971,1.29019906579111,0.141398850380279,0.80855058442395,0.097291696252603,0.347941313965433,0.464453571742094,-2.43373394012451,-0.010759285651147,2.01016044616699,-0.097374081611633,-2.39843463897705,-0.655430376529694,-2.43921828269958
0.617718792361255,0.983315459224614,0.176832258666868,-0.19079672181237,-0.233412163165239,0.087497971488244,0.949452198911361,1.10525691509247,0.942209243774414,-1.3262711763382,0.127341210842133,-2.29564762115479,1.07525682449341,-0.545569539070129
-0.645530841211927,0.177988792066627,0.313251363674584,-0.009436365913785,-0.265571559978458,0.963493104156757,-0.032615023705735,-0.663061022758484,1.36240708827972,-1.08700120449066,-1.05327117443085,-2.00707769393921,-1.20538365840912,1.00517332553864
0.073167493675162,0.821764571657435,0.575812370209355,0.624044652248538,-0.364346761983641,0.629175865144625,0.286282098203066,0.415200173854828,0.279424786567688,2.42608666419983,1.18701887130737,1.63146638870239,-1.22081935405731,1.67620182037354
-0.069675406449229,1.12176372759619,0.281820595989504,0.859842478732164,-0.211565504865627,0.339476771095458,-0.317279798924047,1.81507956981659,0.327413529157639,0.407986223697662,1.15595865249634,2.14545631408691,-0.753958225250244,0.976218998432159
0.245750401391424,0.976518234534024,0.652926975831676,0.170059163201151,0.340779615432439,0.402509193707542,0.832427464526458,0.012699390761554,0.612366020679474,0.861287355422974,-0.534394204616547,0.632673799991608,0.182209685444832,0.995842814445496
0.24382135303838,1.15689840628626,0.477119318242821,0.921313442553855,-0.12801379923266,0.267797908093546,0.251153913360523,0.160798966884613,0.617120265960693,-1.30352318286896,0.313988566398621,1.9622415304184,-0.001645527197979,-0.383113831281662
-0.605478366455286,0.97425608478441,0.417559417099507,-0.301178361488927,0.137174910831896,-0.460315497452486,0.823762272269237,-1.19809448719025,0.858566701412201,-1.45394229888916,0.345582723617554,0.840273201465607,0.200753435492516,-0.70950984954834
-0.573440758228347,1.08538952912975,-0.118516014866951,0.695405919134404,0.380764405632268,0.232213513925808,-0.563476671199943,1.14628458023071,-0.36615988612175,0.440569192171097,0.579094886779785,-1.27761077880859,-0.005499926395714,-1.71829497814178
-0.577713342085434,0.820563123650167,-0.362037928037098,0.206392590597009,-0.441428628629169,-0.60577404803728,0.628952038789727,1.75864589214325,-0.80280613899231,1.44370007514954,-0.96798712015152,1.02111029624939,0.613745331764221,-1.32988131046295
0.138302157587216,1.14199587472173,-0.19560397688806,0.645650829786833,-0.690460812966654,0.056196463325714,0.32131110977164,-0.544483006000519,0.10510428249836,0.358821421861649,0.558321118354797,2.08619236946106,1.32144129276276,-0.611496329307556
-0.616904280376582,0.497226062300036,0.579628377379033,0.255260676395013,-0.452340998505152,0.832004200302661,-0.194932344254239,-0.820925891399384,1.20717215538025,2.13999199867249,0.159369692206383,1.42129504680634,-1.37950241565704,1.20559918880463
-0.126611897428104,0.698363533339438,0.487604805523578,0.627270599841923,0.626584080300186,0.376274579922072,-0.268963613510809,0.579923391342163,0.208352103829384,-0.631639540195465,-1.5590124130249,-1.40874481201172,1.3664128780365,2.34109997749329
0.256703642883507,0.985965662035167,-0.474644026468992,0.637881939940872,-0.571195986555754,-0.388846923709799,-0.340058591365216,0.101648449897766,-0.871674954891205,0.680574357509613,-0.646894037723541,-2.15447974205017,-1.13724732398987,0.828339815139771
0.368480444857791,1.11973695342029,0.174180847519709,-0.456280572585493,-0.316526780628434,0.416153709542883,0.72002425393854,-2.27150201797485,-0.596828043460846,0.755089938640595,-0.084245294332504,-1.80126428604126,1.38243043422699,0.998225450515747
-0.248037236632446,0.997984891041308,-0.338429418942203,0.809442660865486,0.465511732311919,-0.351657009965641,-0.066623968607282,0.638268530368805,0.188850238919258,-0.081894092261791,1.30080103874207,1.15366160869598,-0.300139874219894,-2.06458592414856
-0.360457941235354,0.876111408216616,0.723413358747915,-0.071537326445128,0.464148801574552,-0.233049084203132,0.851549426207353,-0.670872271060944,0.933017671108246,1.3028017282486,-0.340695202350616,0.859216272830963,-0.085435435175896,1.69431090354919
0.426987957060252,0.232254104108508,0.548588847813482,0.114083523189833,0.077970052204838,0.952686770747072,0.27072779232891,-1.93354439735413,-1.20678150653839,2.0512170791626,-1.43280041217804,1.75474166870117,1.00753927230835,-0.18412572145462
-0.825283278566211,0.304408949990684,0.135939314126004,0.079447955004877,0.983327290567561,0.121384741120633,-0.109641263645029,1.75989902019501,-1.43303632736206,0.533579647541046,0.06353610008955,2.37738108634949,1.515833735466,1.54336178302765
-0.216718175034519,1.09628521960642,0.222565328436649,0.158886579601356,0.076825051487916,0.234842847686814,0.955877504273852,-2.15745115280151,-0.089647330343723,1.04148995876312,-1.13509917259216,-0.326217204332352,-1.40369355678558,-2.2589328289032
-0.697348508320503,0.81881624163625,0.023284395418522,0.028334239153153,-0.068682604231789,0.918521011223108,-0.388328498451028,-1.68516874313355,0.796210706233978,-1.64344143867493,0.187828674912453,-1.3171671628952,-1.51519656181335,1.5646630525589
0.230287711575945,0.979194624080139,0.412807766274565,-0.311958240046239,0.46471273374212,0.240264326954164,0.793093427509295,2.1987407207489,-0.499979764223099,2.07976698875427,1.30679500102997,-2.06130075454712,-0.093529343605042,1.42197704315186
0.413382233385853,1.03630987298274,0.227824664385203,-0.30893312206583,0.28084114394025,0.232783308306051,0.87835101715378,0.267852604389191,-0.01381757017225,-2.34710884094238,1.21004617214203,0.065994210541248,0.45452943444252,-0.429983049631119
-0.552584435420759,0.682645409436014,-0.388815136172824,0.768673657369574,0.313442182830123,-0.400813015248212,-0.387612865235929,-1.31363391876221,0.906925737857819,-1.37290585041046,-1.36175060272217,-1.72353148460388,0.622546792030335,-1.75211668014526
0.55831021738535,0.464102144707506,-0.134563215093199,-0.014504264003811,-0.426082390392616,0.904567112615893,-0.001327289255715,-0.73624861240387,-0.657847821712494,2.15796136856079,-1.38983809947968,0.568065047264099,1.39728653430939,0.534001350402832
-0.497771465678185,0.904132684121846,-0.259153822615261,0.752999240927675,0.611744511721642,-0.187158445599859,-0.154053600352082,1.85346102714539,-0.080631390213966,-0.832447528839111,1.26871919631958,0.543653190135956,-0.072993040084839,-1.9505363702774
-0.482067062616781,0.804541366592778,-0.641976682438821,0.089403105871745,-0.076299239405212,-0.38065794806714,0.91721591640136,0.765132486820221,-0.961885392665863,2.26129508018494,-0.508382320404053,-0.07028578221798,-0.929624795913696,-0.204895809292793
0.44920693385886,1.0422272929826,0.003768906409485,-0.35811228110198,0.247625883454974,0.422751082788055,0.794807233213568,1.24168336391449,-0.087278947234154,0.31125670671463,-1.17347431182861,0.931364059448242,-0.110606156289577,1.57281744480133
